{
    "annotated_cells":7345,
    "bases_in_peaks":123461204,
    "bc_q30_bases_frac":0.8791812425284617,
    "bulk_estimated_saturation":0.7372,
    "bulk_total_library_complexity":252916943.2,
    "bulk_unique_fragments_at_30000000_reads":14365556.837725583,
    "cell_calling_method":"default",
    "cell_threshold":423,
    "cellranger-atac_version":"cellranger-atac-2.0.0",
    "cells_detected":7345,
    "ctcf_enrichment_score":0.0,
    "estimated_cells_present":7675,
    "estimated_fraction_cells_annotated":0.9570032573289903,
    "estimated_gelbead_doublet_rate":0.03226684819605174,
    "fitted_dispersion_noise":3.495800693480249,
    "fitted_dispersion_signal":0.9595234054279682,
    "fitted_mean_noise":8.259133920923581,
    "fitted_mean_signal":7735.201654122442,
    "frac_cut_fragments_in_peaks":0.3329890152727207,
    "frac_fragments_nfr":0.3611866699985734,
    "frac_fragments_nfr_or_nuc":0.6982123219451947,
    "frac_fragments_nuc":0.3370256519466213,
    "frac_fragments_overlapping_blacklist":0.0,
    "frac_fragments_overlapping_dnase":0.0,
    "frac_fragments_overlapping_enhancer":0.0,
    "frac_fragments_overlapping_peaks":0.3778732250203586,
    "frac_fragments_overlapping_promoter":0.0,
    "frac_fragments_overlapping_targets":0.20942952121431832,
    "frac_fragments_overlapping_tss":0.20942952121431832,
    "frac_high_count_excluded_bcs_gel_bead_doublet":0.027501701837985025,
    "frac_high_count_excluded_bcs_low_targeting":0.06412525527569775,
    "frac_high_count_excluded_bcs_whitelist_contam":0.0040844111640571815,
    "frac_mapped_confidently":0.9009652560162561,
    "frac_passed_filter_fragments_in_cells":0.8422255407411247,
    "frac_pcr_dup_passed_filters":0.5628653905579044,
    "frac_primary_genome_in_peaks":0.04523169405610397,
    "frac_reads_mapq_gt_30":0.9400393061333484,
    "frac_reads_mapq_gt_30_mito":0.0035085533740797864,
    "frac_reads_unmapped":0.004266721785140269,
    "frac_valid_barcode":0.9662959220115847,
    "frac_valid_noncell":0.1568947045380337,
    "frac_waste_cell_nondup":0.06028999901633433,
    "frac_waste_chimeric":0.001536472234586461,
    "frac_waste_duplicate":0.4338668833179591,
    "frac_waste_exclusions_gel_bead_doublet_high":0.018588671846520535,
    "frac_waste_exclusions_gel_bead_doublet_total":0.018735042268797776,
    "frac_waste_exclusions_low_targeting_high":0.12466189585825255,
    "frac_waste_exclusions_low_targeting_total":0.1260733836248002,
    "frac_waste_exclusions_whitelist_contam_high":0.00048589673843116093,
    "frac_waste_exclusions_whitelist_contam_total":0.0025782284538803,
    "frac_waste_lowmapq":0.041059752022382705,
    "frac_waste_mitochondrial":0.00282729328205453,
    "frac_waste_no_barcode":0.03370407798841534,
    "frac_waste_non_cell_barcode":0.15160671318031443,
    "frac_waste_overall_nondup":0.23442840276778523,
    "frac_waste_total":0.6682952860857443,
    "frac_waste_unmapped":0.003602979839944257,
    "fraction_cell_calling_noise":0.5190796965766564,
    "fraction_of_genome_within_2000bp_of_peaks":0.21519423284803996,
    "goodness_of_fit":0.19648109776267209,
    "high_count_exclusions_threshold_":1892.5215999999982,
    "insert_nucleosome_period":183.66666666666669,
    "insert_twist_period":9.749999999999998,
    "mean_fragments_per_cell":21378.80108917631,
    "mean_fragments_per_noncell":60.189736066180906,
    "mean_sequenced_fragments_per_cell":64451.30319945541,
    "median_fragments_per_cell":14221.0,
    "median_fragments_per_noncell":2.0,
    "median_per_cell_estimated_saturation":0.5776,
    "median_per_cell_total_library_complexity":24619.9,
    "median_per_cell_unique_fragments_at_10000_HQ_RPC":2843.8890951893522,
    "median_per_cell_unique_fragments_at_10000_RRPC":2231.8991227460624,
    "median_per_cell_unique_fragments_at_30000_HQ_RPC":7031.725856464563,
    "median_per_cell_unique_fragments_at_30000_RRPC":5728.1318108574,
    "median_per_cell_unique_fragments_at_50000_HQ_RPC":9889.43426959944,
    "median_per_cell_unique_fragments_at_50000_RRPC":8352.004084147353,
    "min_fragments_per_cell":655,
    "num_fragments":473394822,
    "num_high_count_excluded_bcs_gel_bead_doublet":202,
    "num_high_count_excluded_bcs_low_targeting":471,
    "num_high_count_excluded_bcs_whitelist_contam":30,
    "num_reads":946789644,
    "number_of_low_targeting_barcodes":215581,
    "peakcaller_method":"revised",
    "putative_barcode_multiplets_found":29752,
    "putative_gelbead_doublets_found":237,
    "r1_q30_bases_frac":0.8584448890880911,
    "r2_q30_bases_frac":0.8846741915285813,
    "reference_fasta_hash":"c9c31fef9ba3b93f99ad59d9345aeee0c9cb0640",
    "reference_genomes":[
        "mm10"
    ],
    "reference_gtf_hash.gz":"73e68486af93260a77bf2ebad4b5dd2532aaa016",
    "reference_input_fasta_files":[
        "Mus_musculus.GRCm38.dna.primary_assembly.fa.modified"
    ],
    "reference_input_gtf_files":[
        "gencode.vM23.primary_assembly.annotation.gtf.filtered"
    ],
    "reference_mem_gb":16,
    "reference_mkref_version":"cellranger-arc-2.0.0",
    "reference_non_nuclear_contigs":[
        "chrM"
    ],
    "reference_organism":"Mus_musculus",
    "reference_primary_contigs":[
        "chr1",
        "chr10",
        "chr11",
        "chr12",
        "chr13",
        "chr14",
        "chr15",
        "chr16",
        "chr17",
        "chr18",
        "chr19",
        "chr2",
        "chr3",
        "chr4",
        "chr5",
        "chr6",
        "chr7",
        "chr8",
        "chr9",
        "chrX",
        "chrY",
        "JH584299.1",
        "GL456233.1",
        "GL456211.1",
        "GL456350.1",
        "JH584293.1",
        "GL456221.1",
        "JH584297.1",
        "JH584296.1",
        "GL456354.1",
        "JH584294.1",
        "JH584298.1",
        "GL456219.1",
        "GL456210.1",
        "JH584303.1",
        "GL456212.1",
        "JH584304.1",
        "GL456216.1",
        "JH584292.1",
        "JH584295.1"
    ],
    "reference_threads":2,
    "reference_version":"2020-A",
    "sample_id":"cellranger-atac_results",
    "si_q30_bases_frac":null,
    "stdev_fragments_per_cell":21387.428706735405,
    "total_passed_filter_fragments":186443282,
    "total_peaks_detected":145496,
    "total_usable_fragments":157027294,
    "tss_enrichment_score":7.2648,
    "waste_cell_dup_fragments":205390336,
    "waste_cell_lowmapq_fragments":19437474,
    "waste_cell_mito_fragments":1338426,
    "waste_cell_unmapped_fragments":1705632,
    "waste_chimeric_fragments":727358,
    "waste_duplicate_fragments":205390336,
    "waste_lowmapq_fragments":19437474,
    "waste_mitochondrial_fragments":1338426,
    "waste_no_barcode_fragments":15955336,
    "waste_non_cell_barcode_fragments":71769833,
    "waste_ratio_dup_cells":1.307991310096702,
    "waste_ratio_dup_noncells":1.1789054646065262,
    "waste_ratio_lowmapq_cells":0.05363280478380701,
    "waste_ratio_lowmapq_noncells":0.10808645095019387,
    "waste_ratio_mito_cells":0.0036930488177410133,
    "waste_ratio_mito_noncells":0.00503169866405557,
    "waste_ratio_unmapped_cells":0.004706261116491491,
    "waste_ratio_unmapped_noncells":0.00490231190409522,
    "waste_total_fragments":316367528,
    "waste_unmapped_fragments":1705632
}