{
    "annotated_cells":4627,
    "bases_in_peaks":165943519,
    "bc_q30_bases_frac":0.8876963926412863,
    "bulk_estimated_saturation":0.7859,
    "bulk_total_library_complexity":217526580.5,
    "bulk_unique_fragments_at_30000000_reads":14273527.250119062,
    "cell_calling_method":"default",
    "cell_threshold":206,
    "cellranger-atac_version":"cellranger-atac-2.0.0",
    "cells_detected":4627,
    "ctcf_enrichment_score":0.0,
    "estimated_cells_present":4721,
    "estimated_fraction_cells_annotated":0.9800889642024995,
    "estimated_gelbead_doublet_rate":0.023989626107629135,
    "fitted_dispersion_noise":1.865659758874432,
    "fitted_dispersion_signal":0.8242714448986344,
    "fitted_mean_noise":5.529139398081769,
    "fitted_mean_signal":15249.565760897976,
    "frac_cut_fragments_in_peaks":0.41712079998806306,
    "frac_fragments_nfr":0.4244684490268171,
    "frac_fragments_nfr_or_nuc":0.7384609983054155,
    "frac_fragments_nuc":0.3139925492785984,
    "frac_fragments_overlapping_blacklist":0.0,
    "frac_fragments_overlapping_dnase":0.0,
    "frac_fragments_overlapping_enhancer":0.0,
    "frac_fragments_overlapping_peaks":0.4662466130158113,
    "frac_fragments_overlapping_promoter":0.0,
    "frac_fragments_overlapping_targets":0.21419641868598252,
    "frac_fragments_overlapping_tss":0.21419641868598252,
    "frac_high_count_excluded_bcs_gel_bead_doublet":0.02312513507672358,
    "frac_high_count_excluded_bcs_low_targeting":0.05035660255024854,
    "frac_high_count_excluded_bcs_whitelist_contam":0.006051437216338881,
    "frac_mapped_confidently":0.9067980558002758,
    "frac_passed_filter_fragments_in_cells":0.9032480930845004,
    "frac_pcr_dup_passed_filters":0.603596440478157,
    "frac_primary_genome_in_peaks":0.060795668913137084,
    "frac_reads_mapq_gt_30":0.9485982102520065,
    "frac_reads_mapq_gt_30_mito":0.0013660852541996621,
    "frac_reads_unmapped":0.003950419931308022,
    "frac_valid_barcode":0.9607156872463642,
    "frac_valid_noncell":0.0933901045758292,
    "frac_waste_cell_nondup":0.05218912561622725,
    "frac_waste_chimeric":0.0009692238046084845,
    "frac_waste_duplicate":0.5008581829214281,
    "frac_waste_exclusions_gel_bead_doublet_high":0.018055345590415536,
    "frac_waste_exclusions_gel_bead_doublet_total":0.01807650284328078,
    "frac_waste_exclusions_low_targeting_high":0.06414212936988528,
    "frac_waste_exclusions_low_targeting_total":0.06525594665993717,
    "frac_waste_exclusions_whitelist_contam_high":0.0006750871047170387,
    "frac_waste_exclusions_whitelist_contam_total":0.0030151188021591887,
    "frac_waste_lowmapq":0.03998456904109947,
    "frac_waste_mitochondrial":0.0011647423056693918,
    "frac_waste_no_barcode":0.03928431275363576,
    "frac_waste_non_cell_barcode":0.08972133849957759,
    "frac_waste_overall_nondup":0.17446208473098346,
    "frac_waste_total":0.6753202676524116,
    "frac_waste_unmapped":0.003254808482999485,
    "fraction_cell_calling_noise":0.737105950535089,
    "fraction_of_genome_within_2000bp_of_peaks":0.2789463517889927,
    "goodness_of_fit":0.20079984970991813,
    "high_count_exclusions_threshold_":2552.8335999999904,
    "insert_nucleosome_period":183.66666666666669,
    "insert_twist_period":9.749999999999998,
    "mean_fragments_per_cell":33371.88329371083,
    "mean_fragments_per_noncell":36.38692042344618,
    "mean_sequenced_fragments_per_cell":102784.00518694619,
    "median_fragments_per_cell":28598.0,
    "median_fragments_per_noncell":2.0,
    "median_per_cell_estimated_saturation":0.7288,
    "median_per_cell_total_library_complexity":39240.4,
    "median_per_cell_unique_fragments_at_10000_HQ_RPC":3790.4938712035155,
    "median_per_cell_unique_fragments_at_10000_RRPC":3169.1233759808106,
    "median_per_cell_unique_fragments_at_30000_HQ_RPC":9908.96461626067,
    "median_per_cell_unique_fragments_at_30000_RRPC":8456.359239766312,
    "median_per_cell_unique_fragments_at_50000_HQ_RPC":14608.84217715117,
    "median_per_cell_unique_fragments_at_50000_RRPC":12699.275362482977,
    "min_fragments_per_cell":389,
    "num_fragments":475581592,
    "num_high_count_excluded_bcs_gel_bead_doublet":107,
    "num_high_count_excluded_bcs_low_targeting":233,
    "num_high_count_excluded_bcs_whitelist_contam":28,
    "num_reads":951163184,
    "number_of_low_targeting_barcodes":172800,
    "peakcaller_method":"revised",
    "putative_barcode_multiplets_found":35435,
    "putative_gelbead_doublets_found":111,
    "r1_q30_bases_frac":0.878118591398827,
    "r2_q30_bases_frac":0.8444878330632437,
    "reference_fasta_hash":"c9c31fef9ba3b93f99ad59d9345aeee0c9cb0640",
    "reference_genomes":[
        "mm10"
    ],
    "reference_gtf_hash.gz":"73e68486af93260a77bf2ebad4b5dd2532aaa016",
    "reference_input_fasta_files":[
        "Mus_musculus.GRCm38.dna.primary_assembly.fa.modified"
    ],
    "reference_input_gtf_files":[
        "gencode.vM23.primary_assembly.annotation.gtf.filtered"
    ],
    "reference_mem_gb":16,
    "reference_mkref_version":"cellranger-arc-2.0.0",
    "reference_non_nuclear_contigs":[
        "chrM"
    ],
    "reference_organism":"Mus_musculus",
    "reference_primary_contigs":[
        "chr1",
        "chr10",
        "chr11",
        "chr12",
        "chr13",
        "chr14",
        "chr15",
        "chr16",
        "chr17",
        "chr18",
        "chr19",
        "chr2",
        "chr3",
        "chr4",
        "chr5",
        "chr6",
        "chr7",
        "chr8",
        "chr9",
        "chrX",
        "chrY",
        "JH584299.1",
        "GL456233.1",
        "GL456211.1",
        "GL456350.1",
        "JH584293.1",
        "GL456221.1",
        "JH584297.1",
        "JH584296.1",
        "GL456354.1",
        "JH584294.1",
        "JH584298.1",
        "GL456219.1",
        "GL456210.1",
        "JH584303.1",
        "GL456212.1",
        "JH584304.1",
        "GL456216.1",
        "JH584292.1",
        "JH584295.1"
    ],
    "reference_threads":2,
    "reference_version":"2020-A",
    "sample_id":"cellranger-atac_results",
    "si_q30_bases_frac":null,
    "stdev_fragments_per_cell":27980.141969022457,
    "total_passed_filter_fragments":170951597,
    "total_peaks_detected":196371,
    "total_usable_fragments":154411704,
    "tss_enrichment_score":7.825,
    "waste_cell_dup_fragments":238198932,
    "waste_cell_lowmapq_fragments":19015925,
    "waste_cell_mito_fragments":553930,
    "waste_cell_unmapped_fragments":1547927,
    "waste_chimeric_fragments":460945,
    "waste_duplicate_fragments":238198932,
    "waste_lowmapq_fragments":19015925,
    "waste_mitochondrial_fragments":553930,
    "waste_no_barcode_fragments":18682896,
    "waste_non_cell_barcode_fragments":42669817,
    "waste_ratio_dup_cells":1.5426222613280662,
    "waste_ratio_dup_noncells":1.3365221891096877,
    "waste_ratio_lowmapq_cells":0.048434564060052615,
    "waste_ratio_lowmapq_noncells":0.09188761829317303,
    "waste_ratio_mito_cells":0.0014108889296621093,
    "waste_ratio_mito_noncells":0.002477757818457346,
    "waste_ratio_unmapped_cells":0.003942651721742963,
    "waste_ratio_unmapped_noncells":0.008560303289666954,
    "waste_total_fragments":321169888,
    "waste_unmapped_fragments":1547927
}